{"cameraMode":{"drawMode":0,"name":"Shaded","section":"Shading Mode"},"sceneLighting":true,"audioPlay":false,"sceneViewState":{"m_AlwaysRefresh":false,"showFog":true,"showSkybox":true,"showFlares":true,"showImageEffects":true,"showParticleSystems":true,"showVisualEffectGraphs":true,"m_FxEnabled":true},"in2DMode":false,"pivot":{"x":79.03256225585938,"y":-44.68293762207031,"z":-40.44607925415039},"rotation":{"x":-0.048385556787252429,"y":-0.2939279079437256,"z":0.015117935836315155,"w":-0.9545831084251404},"size":0.5040440559387207,"orthographic":false}