{"cameraMode":{"drawMode":0,"name":"Shaded","section":"Shading Mode"},"sceneLighting":true,"audioPlay":false,"sceneViewState":{"m_AlwaysRefresh":false,"showFog":true,"showSkybox":true,"showFlares":true,"showImageEffects":true,"showParticleSystems":true,"showVisualEffectGraphs":true,"m_FxEnabled":true},"in2DMode":false,"pivot":{"x":60.42838668823242,"y":-95.83457946777344,"z":-142.99098205566407},"rotation":{"x":0.016149194911122323,"y":-0.9664562344551086,"z":0.24913935363292695,"w":0.061691924929618838},"size":69.57344055175781,"orthographic":false}