{"cameraMode":{"drawMode":0,"name":"Shaded","section":"Shading Mode"},"sceneLighting":true,"audioPlay":false,"sceneViewState":{"m_AlwaysRefresh":false,"showFog":true,"showSkybox":true,"showFlares":true,"showImageEffects":true,"showParticleSystems":true,"showVisualEffectGraphs":true,"m_FxEnabled":true},"in2DMode":false,"pivot":{"x":73.77642059326172,"y":-31.331884384155275,"z":-51.63596725463867},"rotation":{"x":0.48289135098457339,"y":0.05117136985063553,"z":-0.02828139252960682,"w":0.8737269043922424},"size":10.499037742614746,"orthographic":false}