{"cameraMode":{"drawMode":0,"name":"Shaded","section":"Shading Mode"},"sceneLighting":true,"audioPlay":false,"sceneViewState":{"m_AlwaysRefresh":false,"showFog":true,"showSkybox":true,"showFlares":true,"showImageEffects":true,"showParticleSystems":true,"showVisualEffectGraphs":true,"m_FxEnabled":true},"in2DMode":false,"pivot":{"x":84.59864807128906,"y":-57.986854553222659,"z":-55.99828338623047},"rotation":{"x":-0.004242648836225271,"y":0.9469338655471802,"z":-0.3211781084537506,"w":-0.012503044679760933},"size":12.938776969909668,"orthographic":false}