{"cameraMode":{"drawMode":0,"name":"Shaded","section":"Shading Mode"},"sceneLighting":true,"audioPlay":false,"sceneViewState":{"m_AlwaysRefresh":false,"showFog":true,"showSkybox":true,"showFlares":true,"showImageEffects":true,"showParticleSystems":true,"showVisualEffectGraphs":true,"m_FxEnabled":true},"in2DMode":false,"pivot":{"x":79.0835189819336,"y":-44.90569305419922,"z":-39.955955505371097},"rotation":{"x":-0.004368891008198261,"y":0.9777265787124634,"z":0.01930489018559456,"w":0.20940646529197694},"size":0.3544362783432007,"orthographic":false}