{"cameraMode":{"drawMode":0,"name":"Shaded","section":"Shading Mode"},"sceneLighting":true,"audioPlay":false,"sceneViewState":{"m_AlwaysRefresh":false,"showFog":true,"showSkybox":true,"showFlares":true,"showImageEffects":true,"showParticleSystems":true,"showVisualEffectGraphs":true,"m_FxEnabled":true},"in2DMode":false,"pivot":{"x":49.635677337646487,"y":-48.27804946899414,"z":-113.15634155273438},"rotation":{"x":-0.014779332093894482,"y":0.9443604350090027,"z":-0.042817648500204089,"w":-0.3259527087211609},"size":36.33092498779297,"orthographic":false}