{"cameraMode":{"drawMode":0,"name":"Shaded","section":"Shading Mode"},"sceneLighting":false,"audioPlay":false,"sceneViewState":{"m_AlwaysRefresh":false,"showFog":true,"showSkybox":false,"showFlares":true,"showImageEffects":true,"showParticleSystems":true,"showVisualEffectGraphs":true,"m_FxEnabled":true},"in2DMode":false,"pivot":{"x":72.53418731689453,"y":-43.80252456665039,"z":-39.32482147216797},"rotation":{"x":0.011238613165915013,"y":0.2682442367076874,"z":0.003221371676772833,"w":-0.9633601307868958},"size":0.4684327244758606,"orthographic":false}